<?xml version="1.0" encoding="UTF-8"?>
<Tokens version="1.0">
	<File path="Classes/CCActionSkewBy.html">
		
		<Token>
			<TokenIdentifier>//apple_ref/occ/cl/CCActionSkewBy</TokenIdentifier>
			<Abstract type="html">This action skews a target by the specified skewX and skewY degrees values.</Abstract>
			<DeclaredIn>CCActionInterval.h</DeclaredIn>
            
			
			<NodeRef refid="53"/>
		</Token>
		
		
		<Token>
			<TokenIdentifier>//apple_ref/occ/instm/CCActionSkewBy/initWithDuration:skewX:skewY:</TokenIdentifier>
			<Abstract type="html">Initializes the action.</Abstract>
			<DeclaredIn>CCActionInterval.h</DeclaredIn>
			
			<Declaration>- (id)initWithDuration:(CCTime)t skewX:(float)sx skewY:(float)sy</Declaration>
			<Parameters>
				<Parameter>
					<Name>t</Name>
					<Abstract type="html">Action duration.</Abstract>
				</Parameter><Parameter>
					<Name>sx</Name>
					<Abstract type="html">X skew delta value in degrees.</Abstract>
				</Parameter><Parameter>
					<Name>sy</Name>
					<Abstract type="html">Y skew delta value in degrees.</Abstract>
				</Parameter>
			</Parameters>
			<ReturnValue><Abstract type="html">New skew action.</Abstract></ReturnValue>
			<Anchor>//api/name/initWithDuration:skewX:skewY:</Anchor>
            <NodeRef refid="53"/>
		</Token>
		
        
	</File>
</Tokens>