<?xml version="1.0" encoding="UTF-8"?>
<Tokens version="1.0">
	<File path="Classes/CCActionSkewTo.html">
		
		<Token>
			<TokenIdentifier>//apple_ref/occ/cl/CCActionSkewTo</TokenIdentifier>
			<Abstract type="html">This action skews the target to the specified angles.</Abstract>
			<DeclaredIn>CCActionInterval.h</DeclaredIn>
            
			
			<NodeRef refid="54"/>
		</Token>
		
		
		<Token>
			<TokenIdentifier>//apple_ref/occ/clm/CCActionSkewTo/actionWithDuration:skewX:skewY:</TokenIdentifier>
			<Abstract type="html">Creates the action.</Abstract>
			<DeclaredIn>CCActionInterval.h</DeclaredIn>
			
			<Declaration>+ (id)actionWithDuration:(CCTime)t skewX:(float)sx skewY:(float)sy</Declaration>
			<Parameters>
				<Parameter>
					<Name>t</Name>
					<Abstract type="html">Action duration.</Abstract>
				</Parameter><Parameter>
					<Name>sx</Name>
					<Abstract type="html">X skew value.</Abstract>
				</Parameter><Parameter>
					<Name>sy</Name>
					<Abstract type="html">Y skew value.</Abstract>
				</Parameter>
			</Parameters>
			<ReturnValue><Abstract type="html">New skew action.</Abstract></ReturnValue>
			<Anchor>//api/name/actionWithDuration:skewX:skewY:</Anchor>
            <NodeRef refid="54"/>
		</Token>
		
		<Token>
			<TokenIdentifier>//apple_ref/occ/instm/CCActionSkewTo/initWithDuration:skewX:skewY:</TokenIdentifier>
			<Abstract type="html">Initializes the action.</Abstract>
			<DeclaredIn>CCActionInterval.h</DeclaredIn>
			
			<Declaration>- (id)initWithDuration:(CCTime)t skewX:(float)sx skewY:(float)sy</Declaration>
			<Parameters>
				<Parameter>
					<Name>t</Name>
					<Abstract type="html">Action duration.</Abstract>
				</Parameter><Parameter>
					<Name>sx</Name>
					<Abstract type="html">X skew value in degrees.</Abstract>
				</Parameter><Parameter>
					<Name>sy</Name>
					<Abstract type="html">Y skew value in degrees.</Abstract>
				</Parameter>
			</Parameters>
			<ReturnValue><Abstract type="html">New skew action.</Abstract></ReturnValue>
			<Anchor>//api/name/initWithDuration:skewX:skewY:</Anchor>
            <NodeRef refid="54"/>
		</Token>
		
        
	</File>
</Tokens>